{
  "format_version": "1.19.50",
  "minecraft:entity": {
    "description": {
      "identifier": "zps:testdummy",
      "is_spawnable": true,
      "is_summonable": true
    },
    "component_groups":{
    "despawn" : {
    "minecraft:instant_despawn": {}
    }
    },
    "components": {
      "minecraft:type_family": { "family": ["testmobaz"] }, 
      "minecraft:health": { "value": 1 },
      "minecraft:timer": {
          "time": 0.1,
          "looping": false,
          "time_down_event": {
            "event": "wolf_despawn"
          }
        }
    },
    "events": {
    "wolf_despawn": {
        "add": {
          "component_groups": [ "despawn" ]
        }
      }
    }
  }
}