{
	"format_version" : "1.10.0",
	"animation_controllers" : {
    "controller.animation.newb.shield_block": {
      "initial_state": "default",
      "states": {
        "default": {
          "transitions": [
            {
              "blocking": "query.mark_variant == 1 && query.is_item_name_any('slot.weapon.offhand', 'minecraft:shield')"
            }
          ]
        },
        "blocking": {
          "animations": [
            "sneaking",
            "blocking"
          ],
          "transitions": [
            {
              "default": "query.mark_variant != 1 || !query.is_item_name_any('slot.weapon.offhand', 'minecraft:shield')"
            }
          ]
        }
      }
    },
		"controller.animation.humanoid.baby_big_head" : {
			"initial_state" : "default",
			"states" : {
				"baby" : {
					"animations" : [ "humanoid_big_head" ],
					"transitions" : [
						{
							"default" : "!query.is_baby"
						}
					]
				},
				"default" : {
					"transitions" : [
						{
							"baby" : "query.is_baby"
						}
					]
				}
			}
		},
		"controller.animation.humanoid.base_pose" : {
			"initial_state" : "default",
			"states" : {
				"default" : {
					"animations" : [ "humanoid_base_pose" ]
				}
			}
		},
		"controller.animation.humanoid.bob" : {
			"initial_state" : "default",
			"states" : {
				"default" : {
					"animations" : [ "bob" ]
				}
			}
		},
		"controller.animation.humanoid.bow_and_arrow": {
    "initial_state": "default",
    "states": {
        "default": {
            "transitions": [
                {
                    "bow_and_arrow": "query.has_target && query.is_item_name_any('slot.weapon.mainhand', 'minecraft:bow')"
                }
            ]
        },
        "bow_and_arrow": {
            "animations": [ "bow_and_arrow" ], 
            "transitions": [
                {
                    "default": "!query.has_target || !query.is_item_name_any('slot.weapon.mainhand', 'minecraft:bow')"
                }
            ]
        }
    }
},
		"controller.animation.humanoid.brandish_spear" : {
			"initial_state" : "default",
			"states" : {
				"brandish_spear" : {
					"animations" : [ "brandish_spear" ],
					"transitions" : [
						{
							"default" : "!variable.is_brandishing_spear"
						}
					]
				},
				"default" : {
					"transitions" : [
						{
							"brandish_spear" : "variable.is_brandishing_spear"
						}
					]
				}
			}
		},
		"controller.animation.humanoid.holding_spyglass" : {
			"initial_state" : "default",
			"states" : {
				"holding_spyglass" : {
					"animations" : [ "holding_spyglass" ],
					"transitions" : [
						{
							"default" : "!variable.is_holding_spyglass"
						}
					]
				},
				"default" : {
					"transitions" : [
						{
							"holding_spyglass" : "variable.is_holding_spyglass"
						}
					]
				}
			}
		},
		"controller.animation.humanoid.charging" : {
			"initial_state" : "default",
			"states" : {
				"charging" : {
					"animations" : [ "charging" ],
					"transitions" : [
						{
							"default" : "!query.is_charging"
						}
					]
				},
				"default" : {
					"transitions" : [
						{
							"charging" : "query.is_charging"
						}
					]
				}
			}
		},
		"controller.animation.humanoid.damage_nearby_mobs" : {
			"initial_state" : "default",
			"states" : {
				"damage_nearby_mobs" : {
					"animations" : [ "damage_nearby_mobs" ],
					"transitions" : [
						{
							"default" : "!variable.damage_nearby_mobs"
						}
					]
				},
				"default" : {
					"transitions" : [
						{
							"damage_nearby_mobs" : "variable.damage_nearby_mobs"
						}
					]
				}
			}
		},
		"controller.animation.humanoid.holding" : {
			"initial_state" : "default",
			"states" : {
				"default" : {
					"animations" : [ "holding" ]
				}
			}
		},
		"controller.animation.humanoid.look_at_target" : {
			"initial_state" : "default",
			"states" : {
				"default" : {
					"animations" : [ "look_at_target_default" ],
					"transitions" : [
						{
							"gliding" : "query.is_gliding"
						},
						{
							"swimming" : "query.is_swimming"
						}
					]
				},
				"gliding" : {
					"animations" : [ "look_at_target_gliding" ],
					"transitions" : [
						{
							"swimming" : "query.is_swimming"
						},
						{
							"default" : "!query.is_gliding"
						}
					]
				},
				"swimming" : {
					"animations" : [ "look_at_target_swimming" ],
					"transitions" : [
						{
							"gliding" : "query.is_gliding"
						},
						{
							"default" : "!query.is_swimming"
						}
					]
				}
			}
		},
		"controller.animation.humanoid.move" : {
			"initial_state" : "default",
			"states" : {
				"default" : {
					"animations" : [ "move" ]
				}
			}
		},
		"controller.animation.humanoid.riding" : {
			"initial_state" : "default",
			"states" : {
				"default" : {
					"transitions" : [
						{
							"riding" : "query.is_riding"
						}
					]
				},
				"riding" : {
					"animations" : [ "riding.arms", "riding.legs" ],
					"transitions" : [
						{
							"default" : "!query.is_riding"
						}
					]
				}
			}
		},
		"controller.animation.humanoid.sneaking" : {
			"initial_state" : "default",
			"states" : {
				"default" : {
					"transitions" : [
						{
							"sneaking" : "query.is_sneaking"
						}
					]
				},
				"sneaking" : {
					"animations" : [ "sneaking" ],
					"transitions" : [
						{
							"default" : "!query.is_sneaking"
						}
					]
				}
			}
		},
		"controller.animation.humanoid.swimming" : {
			"initial_state" : "default",
			"states" : {
				"default" : {
					"transitions" : [
						{
							"swimming" : "query.is_swimming"
						}
					]
				},
				"swimming" : {
					"animations" : [ "swimming" ],
					"transitions" : [
						{
							"default" : "!query.is_swimming"
						}
					]
				}
			}
		},
		"controller.animation.humanoid.use_item_progress" : {
			"initial_state" : "default",
			"states" : {
				"default" : {
					"transitions" : [
						{
							"use_item_progress" : "( variable.use_item_interval_progress > 0.0 ) || ( variable.use_item_startup_progress > 0.0 )"
						}
					]
				},
				"use_item_progress" : {
					"animations" : [ "use_item_progress" ],
					"transitions" : [
						{
							"default" : "( variable.use_item_interval_progress <= 0.0 ) && ( variable.use_item_startup_progress <= 0.0 )"
						}
					]
				}
			}
		}
	}
}
