{
	"format_version": "1.8.0",
	"geometry.humanoidfemale": {
		"texturewidth": 64,
		"textureheight": 64,
		"visible_bounds_width": 2,
		"visible_bounds_height": 3,
		"visible_bounds_offset": [0, 1.5, 0],
		"bones": [
			{
				"name": "body",
				"pivot": [0, 24, 0],
				"cubes": [
					{"origin": [-4, 12, -2], "size": [8, 12, 4], "uv": [16, 16]}
				]
			},
			{
				"name": "waist",
				"pivot": [0, 12, 0]
			},
			{
				"name": "head",
				"parent": "body",
				"pivot": [0, 24, 0],
				"cubes": [
					{"origin": [-4, 24, -4], "size": [8, 8, 8], "uv": [0, 0]}
				]
			},
			{
				"name": "hat",
				"parent": "head",
				"pivot": [0, 24, 0],
				"cubes": [
					{"origin": [-4, 24, -4], "size": [8, 8, 8], "uv": [32, 0], "inflate": 0.5}
				]
			},
			{
				"name": "rightArm",
				"parent": "body",
				"pivot": [-4.5, 22, 0],
				"cubes": [
					{"origin": [-7, 12, -2], "size": [3, 12, 4], "uv": [40, 16]}
				]
			},
			{
				"name": "rightItem",
				"parent": "rightArm",
				"pivot": [-5, 15, 1]
			},
			{
				"name": "leftArm",
				"parent": "body",
				"pivot": [4.5, 22, 0],
				"cubes": [
					{"origin": [4, 12, -2], "size": [3, 12, 4], "uv": [40, 16]}
				]
			},
			{
				"name": "leftItem",
				"parent": "leftArm",
				"pivot": [5, 15, 1]
			},
			{
				"name": "rightLeg",
				"parent": "body",
				"pivot": [-1.9, 12, 0],
				"cubes": [
					{"origin": [-3.9, 0, -2], "size": [4, 12, 4], "uv": [0, 16]}
				]
			},
			{
				"name": "leftLeg",
				"parent": "body",
				"pivot": [1.9, 12, 0],
				"cubes": [
					{"origin": [-0.1, 0, -2], "size": [4, 12, 4], "uv": [0, 16]}
				]
			},
			{
				"name": "helmet",
				"parent": "head",
				"pivot": [0, 24, 0]
			},
			{
				"name": "bodyArmor",
				"parent": "body",
				"pivot": [0, 24, 0]
			},
			{
				"name": "belt",
				"parent": "body",
				"pivot": [0, 24, 0]
			},
			{
				"name": "rightArmArmor",
				"parent": "rightArm",
				"pivot": [-4.5, 22, 0]
			},
			{
				"name": "leftArmArmor",
				"parent": "leftArm",
				"pivot": [4.5, 22, 0]
			},
			{
				"name": "rightLegging",
				"parent": "rightLeg",
				"pivot": [-1.9, 12, 0]
			},
			{
				"name": "leftLegging",
				"parent": "leftLeg",
				"pivot": [1.9, 12, 0]
			},
			{
				"name": "rightBoot",
				"parent": "rightLeg",
				"pivot": [-1.9, 12, 0]
			},
			{
				"name": "leftBoot",
				"parent": "leftLeg",
				"pivot": [1.9, 12, 0]
			},
			{
				"name": "rightSock",
				"parent": "rightLeg",
				"pivot": [-1.9, 12, 0]
			},
			{
				"name": "leftSock",
				"parent": "leftLeg",
				"pivot": [1.9, 12, 0]
			}
		]
	}
}