{
	"pools": [
		{
		"conditions": [
        {
          "condition": "killed_by_entity",
          "entity_type": "minecraft:player"
        }
      ],
			"rolls": {
				"min": 2,
				"max": 4
			},
			"entries": [
				{
					"type": "item",
					"name": "minecraft:cobblestone",
					"weight": 8,
					"functions": [
						{
							"function": "set_count",
							"count": {
								"min": 10,
								"max": 28
							}
						}
					]
				},
				{
					"type": "item",
					"name": "minecraft:copper_ingot",
					"weight": 5,
					"functions": [
						{
							"function": "set_count",
							"count": {
								"min": 2,
								"max": 7
							}
						}
					]
				},
				{
					"type": "item",
					"name": "minecraft:coal",
					"weight": 6,
					"functions": [
						{
							"function": "set_count",
							"count": {
								"min": 8,
								"max": 20
							}
						}
					]
				},
				{
					"type": "item",
					"name": "minecraft:torch",
					"weight": 7,
					"functions": [
						{
							"function": "set_count",
							"count": {
								"min": 12,
								"max": 32
							}
						}
					]
				}
			]
		},
		{
			"rolls": 1,
			"conditions": [
				{
					"condition": "random_chance",
					"chance": 0.4
				},
				{
          "condition": "killed_by_entity",
          "entity_type": "minecraft:player"
        }
			],
			"entries": [
				{
					"type": "item",
					"name": "minecraft:crafting_table",
					"weight": 1
				},
				{
					"type": "item",
					"name": "minecraft:furnace",
					"weight": 2
				},
				{
					"type": "item",
					"name": "minecraft:chest",
					"weight": 1
				}
			]
		},
		{
		"conditions": [
        {
          "condition": "killed_by_entity",
          "entity_type": "minecraft:player"
        }
      ],
			"rolls": {
				"min": 1,
				"max": 2
			},
			"entries": [
				{
					"type": "item",
					"name": "minecraft:copper_pickaxe",
					"weight": 10,
					"functions": [
						{
							"function": "set_damage",
							"damage": {
								"min": 0.2,
								"max": 0.75
							}
						}
					]
				},
				{
					"type": "item",
					"name": "minecraft:copper_sword",
					"weight": 8,
					"functions": [
						{
							"function": "set_damage",
							"damage": {
								"min": 0.2,
								"max": 0.75
							}
						}
					]
				},
				{
					"type": "item",
					"name": "minecraft:stone_axe",
					"weight": 4,
					"functions": [
						{
							"function": "set_damage",
							"damage": {
								"min": 0.4,
								"max": 0.9
							}
						}
					]
				},
				{
					"type": "item",
					"name": "minecraft:iron_pickaxe",
					"weight": 1,
					"functions": [
						{
							"function": "set_damage",
							"damage": {
								"min": 0.1,
								"max": 0.5
							}
						}
					]
				}
			]
		},
		{
			"rolls": 1,
			"conditions": [
				{
					"condition": "random_chance",
					"chance": 0.45
				},
				{
          "condition": "killed_by_entity",
          "entity_type": "minecraft:player"
        }
			],
			"entries": [
				{
					"type": "item",
					"name": "minecraft:raw_iron",
					"weight": 4,
					"functions": [
						{
							"function": "set_count",
							"count": {
								"min": 3,
								"max": 8
							}
						}
					]
				},
				{
					"type": "item",
					"name": "minecraft:raw_copper",
					"weight": 5,
					"functions": [
						{
							"function": "set_count",
							"count": {
								"min": 5,
								"max": 12
							}
						}
					]
				},
				{
					"type": "item",
					"name": "minecraft:raw_gold",
					"weight": 1,
					"functions": [
						{
							"function": "set_count",
							"count": {
								"min": 1,
								"max": 3
							}
						}
					]
				}
			]
		},
		{
		"conditions": [
        {
          "condition": "killed_by_entity",
          "entity_type": "minecraft:player"
        }
      ],
			"rolls": {
				"min": 2,
				"max": 4
			},
			"entries": [
				{"type": "item","name": "minecraft:string","weight": 5},
				{"type": "item","name": "minecraft:bone","weight": 5},
				{"type": "item","name": "minecraft:gunpowder","weight": 3},
				{"type": "item","name": "minecraft:spyglass","weight": 1},
				{"type": "item","name": "minecraft:lightning_rod","weight": 1},
				{"type": "item","name": "minecraft:lapis_lazuli","weight": 2,"functions": [{"function": "set_count","count": {"min": 1,"max": 4}}]},
				{"type": "item","name": "minecraft:dirt","weight": 8,"functions": [{"function": "set_count","count": {"min": 4,"max": 16}}]},
				{"type": "item","name": "minecraft:diorite","weight": 6,"functions": [{"function": "set_count","count": {"min": 5,"max": 20}}]}
			]
		}
	]
}
