{
    "format_version": "1.19.50",
    "pools": [
        {
            "rolls": 1,
            "entries": [
                {"type": "item","name": "minecraft:iron_helmet","weight": 5},
                {"type": "item","name": "minecraft:golden_helmet","weight": 10,"functions": [{"function": "enchant_randomly"}]},
                {"type": "item","name": "minecraft:copper_helmet","weight": 50},
                {"type": "item","name": "minecraft:leather_helmet","weight": 25},
                {"type": "empty","weight": 10}
            ]
        },
        {
            "rolls": 1,
            "entries": [
                {"type": "item","name": "minecraft:iron_chestplate","weight": 5},
                {"type": "item","name": "minecraft:golden_chestplate","weight": 10,"functions": [{"function": "enchant_randomly"}]},
                {"type": "item","name": "minecraft:copper_chestplate","weight": 45},
                {"type": "item","name": "minecraft:leather_chestplate","weight": 30},
                {"type": "empty","weight": 10}
            ]
        },
        {
            "rolls": 1,
            "entries": [
                {"type": "item","name": "minecraft:iron_leggings","weight": 5},
                {"type": "item","name": "minecraft:golden_leggings","weight": 10,"functions": [{"function": "enchant_randomly"}]},
                {"type": "item","name": "minecraft:copper_leggings","weight": 45},
                {"type": "item","name": "minecraft:leather_leggings","weight": 30},
                {"type": "empty","weight": 10}
            ]
        },
        {
            "rolls": 1,
            "entries": [
                {"type": "item","name": "minecraft:iron_boots","weight": 5},
                {"type": "item","name": "minecraft:golden_boots","weight": 10,"functions": [{"function": "enchant_randomly"}]},
                {"type": "item","name": "minecraft:copper_boots","weight": 50},
                {"type": "item","name": "minecraft:leather_boots","weight": 25},
                {"type": "empty","weight": 10}
            ]
        },
        {
            "rolls": 1,
            "entries": [
                { "type": "item", "name": "minecraft:stone_sword", "weight": 4, "functions": [{"function": "set_damage", "damage": {"min": 0.4,"max": 0.9}}]},
                { "type": "item", "name": "minecraft:stone_axe", "weight": 4, "functions": [{"function": "set_damage", "damage": {"min": 0.4,"max": 0.9}}]},
                { "type": "item", "name": "minecraft:stone_pickaxe", "weight": 4, "functions": [{"function": "set_damage", "damage": {"min": 0.4,"max": 0.9}}]},
                { "type": "item", "name": "minecraft:stone_shovel", "weight": 4, "functions": [{"function": "set_damage", "damage": {"min": 0.4,"max": 0.9}}]},
                { "type": "item", "name": "minecraft:stone_hoe", "weight": 4, "functions": [{"function": "set_damage", "damage": {"min": 0.4,"max": 0.9}}]},
                { "type": "item", "name": "minecraft:copper_sword", "weight": 12, "functions": [{"function": "set_damage", "damage": {"min": 0.25,"max": 0.8}}]},
                { "type": "item", "name": "minecraft:copper_axe", "weight": 12, "functions": [{"function": "set_damage", "damage": {"min": 0.25,"max": 0.8}}]},
                { "type": "item", "name": "minecraft:copper_pickaxe", "weight": 12, "functions": [{"function": "set_damage", "damage": {"min": 0.25,"max": 0.8}}]},
                { "type": "item", "name": "minecraft:copper_shovel", "weight": 12, "functions": [{"function": "set_damage", "damage": {"min": 0.25,"max": 0.8}}]},
                { "type": "item", "name": "minecraft:copper_hoe", "weight": 12, "functions": [{"function": "set_damage", "damage": {"min": 0.25,"max": 0.8}}]},
                { "type": "item", "name": "minecraft:iron_sword", "weight": 3, "functions": [{"function": "set_damage", "damage": {"min": 0.25,"max": 0.75}}]},
                { "type": "item", "name": "minecraft:iron_axe", "weight": 3, "functions": [{"function": "set_damage", "damage": {"min": 0.25,"max": 0.75}}]},
                { "type": "item", "name": "minecraft:iron_pickaxe", "weight": 3, "functions": [{"function": "set_damage", "damage": {"min": 0.25,"max": 0.75}}]},
                { "type": "item", "name": "minecraft:iron_shovel", "weight": 3, "functions": [{"function": "set_damage", "damage": {"min": 0.25,"max": 0.75}}]},
                { "type": "item", "name": "minecraft:iron_hoe", "weight": 3, "functions": [{"function": "set_damage", "damage": {"min": 0.25,"max": 0.75}}]},
                { "type": "item", "name": "minecraft:golden_sword", "weight": 1, "functions": [{"function": "enchant_randomly"},{"function": "set_damage", "damage": {"min": 0.5,"max": 0.95}}]},
                { "type": "item", "name": "minecraft:golden_axe", "weight": 1, "functions": [{"function": "enchant_randomly"},{"function": "set_damage", "damage": {"min": 0.5,"max": 0.95}}]},
                { "type": "item", "name": "minecraft:golden_pickaxe", "weight": 1, "functions": [{"function": "enchant_randomly"},{"function": "set_damage", "damage": {"min": 0.5,"max": 0.95}}]},
                { "type": "item", "name": "minecraft:golden_shovel", "weight": 1, "functions": [{"function": "enchant_randomly"},{"function": "set_damage", "damage": {"min": 0.5,"max": 0.95}}]},
                { "type": "item", "name": "minecraft:golden_hoe", "weight": 1, "functions": [{"function": "enchant_randomly"},{"function": "set_damage", "damage": {"min": 0.5,"max": 0.95}}]}
            ]
        }
    ]
}
