{
    "format_version": "1.19.50",
    "pools": [
        {
            "rolls": 1,
            "entries": [
                {
                    "type": "item",
                    "name": "minecraft:diamond_helmet",
                    "weight": 1,
                    "functions": [
                        {
                            "function": "enchant_with_levels",
                            "levels": {
                                "min": 30,
                                "max": 39
                            },
                            "treasure": true
                        }
                    ]
                }
            ]
        },
        {
            "rolls": 1,
            "entries": [
                {
                    "type": "item",
                    "name": "minecraft:diamond_chestplate",
                    "weight": 1,
                    "functions": [
                        {
                            "function": "enchant_with_levels",
                            "levels": {
                                "min": 30,
                                "max": 39
                            },
                            "treasure": true
                        }
                    ]
                }
            ]
        },
        {
            "rolls": 1,
            "entries": [
                {
                    "type": "item",
                    "name": "minecraft:diamond_leggings",
                    "weight": 1,
                    "functions": [
                        {
                            "function": "enchant_with_levels",
                            "levels": {
                                "min": 30,
                                "max": 39
                            },
                            "treasure": true
                        }
                    ]
                }
            ]
        },
        {
            "rolls": 1,
            "entries": [
                {
                    "type": "item",
                    "name": "minecraft:diamond_boots",
                    "weight": 1,
                    "functions": [
                        {
                            "function": "enchant_with_levels",
                            "levels": {
                                "min": 30,
                                "max": 39
                            },
                            "treasure": true
                        }
                    ]
                }
            ]
        },
        {
            "rolls": 1,
            "entries": [
                { "type": "item", "name": "minecraft:diamond_sword", "weight": 1, "functions": [{"function": "set_damage", "damage": {"min": 0.0,"max": 0.15}}]},
                { "type": "item", "name": "minecraft:diamond_axe", "weight": 1, "functions": [{"function": "set_damage", "damage": {"min": 0.0,"max": 0.15}}]},
                { "type": "item", "name": "minecraft:diamond_pickaxe", "weight": 1, "functions": [{"function": "set_damage", "damage": {"min": 0.0,"max": 0.15}}]},
                { "type": "item", "name": "minecraft:diamond_shovel", "weight": 1, "functions": [{"function": "set_damage", "damage": {"min": 0.0,"max": 0.15}}]},
                { "type": "item", "name": "minecraft:diamond_hoe", "weight": 1, "functions": [{"function": "set_damage", "damage": {"min": 0.0,"max": 0.15}}]}
            ]
        }
    ]
}