{
    "format_version": "1.19.50",
    "pools": [
        {
            "rolls": 1,
            "entries": [
                {"type": "item","name": "minecraft:diamond_helmet","weight": 40,"functions": [{"function": "enchant_with_levels","levels": {"min": 18,"max": 39},"treasure": true}]},
                {"type": "item","name": "minecraft:diamond_helmet","weight": 25},
                {"type": "item","name": "minecraft:iron_helmet","weight": 25,"functions": [{"function": "enchant_with_levels","levels": {"min": 18,"max": 39},"treasure": true}]},
                {"type": "item","name": "minecraft:iron_helmet","weight": 10}
            ]
        },
        {
            "rolls": 1,
            "entries": [
                {"type": "item","name": "minecraft:diamond_chestplate","weight": 40,"functions": [{"function": "enchant_with_levels","levels": {"min": 18,"max": 39},"treasure": true}]},
                {"type": "item","name": "minecraft:diamond_chestplate","weight": 25},
                {"type": "item","name": "minecraft:iron_chestplate","weight": 25,"functions": [{"function": "enchant_with_levels","levels": {"min": 18,"max": 39},"treasure": true}]},
                {"type": "item","name": "minecraft:iron_chestplate","weight": 10}
            ]
        },
        {
            "rolls": 1,
            "entries": [
                {"type": "item","name": "minecraft:diamond_leggings","weight": 40,"functions": [{"function": "enchant_with_levels","levels": {"min": 18,"max": 39},"treasure": true}]},
                {"type": "item","name": "minecraft:diamond_leggings","weight": 25},
                {"type": "item","name": "minecraft:iron_leggings","weight": 25,"functions": [{"function": "enchant_with_levels","levels": {"min": 18,"max": 39},"treasure": true}]},
                {"type": "item","name": "minecraft:iron_leggings","weight": 10}
            ]
        },
        {
            "rolls": 1,
            "entries": [
                {"type": "item","name": "minecraft:diamond_boots","weight": 40,"functions": [{"function": "enchant_with_levels","levels": {"min": 18,"max": 39},"treasure": true}]},
                {"type": "item","name": "minecraft:diamond_boots","weight": 25},
                {"type": "item","name": "minecraft:iron_boots","weight": 25,"functions": [{"function": "enchant_with_levels","levels": {"min": 18,"max": 39},"treasure": true}]},
                {"type": "item","name": "minecraft:iron_boots","weight": 10}
            ]
        },
        {
            "rolls": 1,
            "entries": [
                { "type": "item", "name": "minecraft:diamond_sword", "weight": 1, "functions": [{"function": "set_damage", "damage": {"min": 0.05,"max": 0.4}}]},
                { "type": "item", "name": "minecraft:diamond_axe", "weight": 1, "functions": [{"function": "set_damage", "damage": {"min": 0.05,"max": 0.4}}]},
                { "type": "item", "name": "minecraft:diamond_pickaxe", "weight": 1, "functions": [{"function": "set_damage", "damage": {"min": 0.05,"max": 0.4}}]},
                { "type": "item", "name": "minecraft:diamond_shovel", "weight": 1, "functions": [{"function": "set_damage", "damage": {"min": 0.05,"max": 0.4}}]},
                { "type": "item", "name": "minecraft:diamond_hoe", "weight": 1, "functions": [{"function": "set_damage", "damage": {"min": 0.05,"max": 0.4}}]}
            ]
        }
    ]
}