{
	"pools": [
		{
		"conditions": [
        {
          "condition": "killed_by_entity",
          "entity_type": "minecraft:player"
        }
      ],
			"rolls": {
				"min": 3,
				"max": 4
			},
			"entries": [
				{
					"type": "item",
					"name": "minecraft:iron_ingot",
					"weight": 8,
					"functions": [
						{
							"function": "set_count",
							"count": {
								"min": 2,
								"max": 7
							}
						}
					]
				},
				{
					"type": "item",
					"name": "minecraft:cobblestone",
					"weight": 6,
					"functions": [
						{
							"function": "set_count",
							"count": {
								"min": 10,
								"max": 32
							}
						}
					]
				},
				{
					"type": "item",
					"name": "minecraft:oak_planks",
					"weight": 5,
					"functions": [
						{
							"function": "set_count",
							"count": {
								"min": 5,
								"max": 16
							}
						}
					]
				},
				{
					"type": "item",
					"name": "minecraft:torch",
					"weight": 7,
					"functions": [
						{
							"function": "set_count",
							"count": {
								"min": 16,
								"max": 48
							}
						}
					]
				}
			]
		},
		{
			"rolls": 1,
			"conditions": [
				{
					"condition": "random_chance",
					"chance": 0.35
				},
				{
          "condition": "killed_by_entity",
          "entity_type": "minecraft:player"
        }
			],
			"entries": [
				{"type": "item","name": "minecraft:furnace","weight": 1},
				{"type": "item","name": "minecraft:chest","weight": 1},
				{"type": "item","name": "minecraft:anvil","weight": 1}
			]
		},
		{
		"conditions": [
        {
          "condition": "killed_by_entity",
          "entity_type": "minecraft:player"
        }
      ],
			"rolls": {
				"min": 1,
				"max": 2
			},
			"entries": [
				{
					"type": "item",
					"name": "minecraft:iron_pickaxe",
					"weight": 15,
					"functions": [{"function": "set_damage","damage": {"min": 0.2,"max": 0.7}}]
				},
				{
					"type": "item",
					"name": "minecraft:iron_pickaxe",
					"weight": 5,
					"functions": [{"function": "set_damage","damage": {"min": 0.2,"max": 0.7}},{"function": "enchant_with_levels","levels": {"min": 1,"max": 18},"treasure": true}]
				},
				{
					"type": "item",
					"name": "minecraft:iron_sword",
					"weight": 12,
					"functions": [{"function": "set_damage","damage": {"min": 0.2,"max": 0.6}}]
				},
				{
					"type": "item",
					"name": "minecraft:iron_sword",
					"weight": 4,
					"functions": [{"function": "set_damage","damage": {"min": 0.2,"max": 0.6}},{"function": "enchant_with_levels","levels": {"min": 1,"max": 18},"treasure": true}]
				},
				{
					"type": "item",
					"name": "minecraft:iron_axe",
					"weight": 8,
					"functions": [{"function": "set_damage","damage": {"min": 0.3,"max": 0.8}}]
				},
				{
					"type": "item",
					"name": "minecraft:stone_pickaxe",
					"weight": 5,
					"functions": [{"function": "set_damage","damage": {"min": 0.5,"max": 0.9}}]
				}
			]
		},
		{
			"rolls": {
				"min": 1,
				"max": 2
			},
			"conditions": [
				{
					"condition": "random_chance",
					"chance": 0.6
				},
				{
          "condition": "killed_by_entity",
          "entity_type": "minecraft:player"
        }
			],
			"entries": [
				{
					"type": "item",
					"name": "minecraft:raw_iron",
					"weight": 10,
					"functions": [{"function": "set_count","count": {"min": 4,"max": 12}}]
				},
				{
					"type": "item",
					"name": "minecraft:raw_gold",
					"weight": 5,
					"functions": [{"function": "set_count","count": {"min": 2,"max": 7}}]
				},
				{
					"type": "item",
					"name": "minecraft:lapis_lazuli",
					"weight": 4,
					"functions": [{"function": "set_count","count": {"min": 3,"max": 9}}]
				},
				{
					"type": "item",
					"name": "minecraft:redstone",
					"weight": 6,
					"functions": [{"function": "set_count","count": {"min": 8,"max": 24}}]
				},
				{
					"type": "item",
					"name": "minecraft:diamond",
					"weight": 1
				}
			]
		},
		{
		"conditions": [
        {
          "condition": "killed_by_entity",
          "entity_type": "minecraft:player"
        }
      ],
			"rolls": {
				"min": 2,
				"max": 4
			},
			"entries": [
				{"type": "item","name": "minecraft:arrow","weight": 15,"functions": [{"function": "set_count","count": {"min": 5,"max": 16}}]},
				{"type": "item","name": "minecraft:string","weight": 10},
				{"type": "item","name": "minecraft:gunpowder","weight": 8},
				{"type": "item","name": "minecraft:bucket","weight": 5},
				{"type": "item","name": "minecraft:saddle","weight": 2},
				{"type": "item","name": "minecraft:name_tag","weight": 2},
				{"type": "item","name": "minecraft:golden_apple","weight": 1},
				{"type": "item","name": "minecraft:totem_of_undying","weight": 1},
				{"type": "item","name": "minecraft:andesite","weight": 20,"functions": [{"function": "set_count","count": {"min": 8,"max": 32}}]}
			]
		}
	]
}
