{
    "format_version": "1.19.50",
    "pools": [
        {
            "rolls": 1,
            "entries": [
                {
                    "type": "item",
                    "name": "minecraft:golden_helmet",
                    "weight": 6,
                    "functions": [
                        {
                            "function": "enchant_randomly"
                        }
                    ]
                },
                {
                    "type": "item",
                    "name": "minecraft:leather_helmet",
                    "weight": 34
                },
                {
                    "type": "empty",
                    "weight": 60
                }
            ]
        },
        {
            "rolls": 1,
            "entries": [
                {
                    "type": "item",
                    "name": "minecraft:golden_chestplate",
                    "weight": 5,
                    "functions": [
                        {
                            "function": "enchant_randomly"
                        }
                    ]
                },
                {
                    "type": "item",
                    "name": "minecraft:leather_chestplate",
                    "weight": 25
                },
                {
                    "type": "empty",
                    "weight": 70
                }
            ]
        },
        {
            "rolls": 1,
            "entries": [
                {
                    "type": "item",
                    "name": "minecraft:golden_leggings",
                    "weight": 5,
                    "functions": [
                        {
                            "function": "enchant_randomly"
                        }
                    ]
                },
                {
                    "type": "item",
                    "name": "minecraft:leather_leggings",
                    "weight": 25
                },
                {
                    "type": "empty",
                    "weight": 70
                }
            ]
        },
        {
            "rolls": 1,
            "entries": [
                {
                    "type": "item",
                    "name": "minecraft:golden_boots",
                    "weight": 10,
                    "functions": [
                        {
                            "function": "enchant_randomly"
                        }
                    ]
                },
                {
                    "type": "item",
                    "name": "minecraft:leather_boots",
                    "weight": 40
                },
                {
                    "type": "empty",
                    "weight": 50
                }
            ]
        },
        {
            "rolls": 1,
            "entries": [
                { "type": "item", "name": "minecraft:wooden_sword", "weight": 14, "functions": [{"function": "set_damage", "damage": {"min": 0.25,"max": 0.9}}]},
                { "type": "item", "name": "minecraft:wooden_axe", "weight": 14, "functions": [{"function": "set_damage", "damage": {"min": 0.25,"max": 0.9}}]},
                { "type": "item", "name": "minecraft:wooden_pickaxe", "weight": 14, "functions": [{"function": "set_damage", "damage": {"min": 0.25,"max": 0.9}}]},
                { "type": "item", "name": "minecraft:wooden_shovel", "weight": 14, "functions": [{"function": "set_damage", "damage": {"min": 0.25,"max": 0.9}}]},
                { "type": "item", "name": "minecraft:wooden_hoe", "weight": 14, "functions": [{"function": "set_damage", "damage": {"min": 0.25,"max": 0.9}}]},
                { "type": "item", "name": "minecraft:stone_sword", "weight": 4, "functions": [{"function": "set_damage", "damage": {"min": 0.25,"max": 0.75}}]},
                { "type": "item", "name": "minecraft:stone_axe", "weight": 4, "functions": [{"function": "set_damage", "damage": {"min": 0.25,"max": 0.75}}]},
                { "type": "item", "name": "minecraft:stone_pickaxe", "weight": 4, "functions": [{"function": "set_damage", "damage": {"min": 0.25,"max": 0.75}}]},
                { "type": "item", "name": "minecraft:stone_shovel", "weight": 4, "functions": [{"function": "set_damage", "damage": {"min": 0.25,"max": 0.75}}]},
                { "type": "item", "name": "minecraft:stone_hoe", "weight": 4, "functions": [{"function": "set_damage", "damage": {"min": 0.25,"max": 0.75}}]},
                { "type": "item", "name": "minecraft:golden_sword", "weight": 2, "functions": [{"function": "enchant_randomly"},{"function": "set_damage", "damage": {"min": 0.25,"max": 0.9}}]},
                { "type": "item", "name": "minecraft:golden_axe", "weight": 2, "functions": [{"function": "enchant_randomly"},{"function": "set_damage", "damage": {"min": 0.25,"max": 0.9}}]},
                { "type": "item", "name": "minecraft:golden_pickaxe", "weight": 2, "functions": [{"function": "enchant_randomly"},{"function": "set_damage", "damage": {"min": 0.25,"max": 0.9}}]},
                { "type": "item", "name": "minecraft:golden_shovel", "weight": 2, "functions": [{"function": "enchant_randomly"},{"function": "set_damage", "damage": {"min": 0.25,"max": 0.9}}]},
                { "type": "item", "name": "minecraft:golden_hoe", "weight": 2, "functions": [{"function": "enchant_randomly"},{"function": "set_damage", "damage": {"min": 0.25,"max": 0.9}}]}
            ]
        }
    ]
}