{
  "pools": [
    {
    "conditions": [
        {
          "condition": "killed_by_entity",
          "entity_type": "minecraft:player"
        }
      ],
      "rolls": {
        "min": 1,
        "max": 2
      },
      "entries": [
        {
          "type": "item",
          "name": "minecraft:dirt",
          "weight": 15,
          "functions": [
            {
              "function": "set_count",
              "count": {
                "min": 1,
                "max": 5
              }
            }
          ]
        },
        {
          "type": "item",
          "name": "minecraft:cobblestone",
          "weight": 10,
          "functions": [
            {
              "function": "set_count",
              "count": {
                "min": 1,
                "max": 4
              }
            }
          ]
        },
        {
          "type": "item",
          "name": "minecraft:sand",
          "weight": 7,
          "functions": [
            {
              "function": "set_count",
              "count": {
                "min": 1,
                "max": 3
              }
            }
          ]
        },
        {
          "type": "item",
          "name": "minecraft:gravel",
          "weight": 7,
          "functions": [
            {
              "function": "set_count",
              "count": {
                "min": 1,
                "max": 3
              }
            }
          ]
        },
        {
          "type": "item",
          "name": "minecraft:oak_planks",
          "weight": 8,
          "functions": [
            {
              "function": "set_count",
              "count": {
                "min": 1,
                "max": 2
              }
            }
          ]
        },
        {
          "type": "item",
          "name": "minecraft:stick",
          "weight": 12,
          "functions": [
            {
              "function": "set_count",
              "count": {
                "min": 1,
                "max": 4
              }
            }
          ]
        }
      ]
    },
    {
    "conditions": [
        {
          "condition": "killed_by_entity",
          "entity_type": "minecraft:player"
        }
      ],
      "rolls": {
        "min": 0,
        "max": 1
      },
      "entries": [
        {
          "type": "item",
          "name": "minecraft:wooden_sword",
          "weight": 6,
          "functions": [
            {
              "function": "set_damage",
              "damage": {
                "min": 0.60,
                "max": 0.95
              }
            }
          ]
        },
        {
          "type": "item",
          "name": "minecraft:wooden_axe",
          "weight": 5,
          "functions": [
            {
              "function": "set_damage",
              "damage": {
                "min": 0.50,
                "max": 0.90
              }
            }
          ]
        },
        {
          "type": "item",
          "name": "minecraft:wooden_pickaxe",
          "weight": 3,
          "functions": [
            {
              "function": "set_damage",
              "damage": {
                "min": 0.70,
                "max": 0.98
              }
            }
          ]
        },
        {
          "type": "item",
          "name": "minecraft:stone_shovel",
          "weight": 4,
          "functions": [
            {
              "function": "set_damage",
              "damage": {
                "min": 0.40,
                "max": 0.85
              }
            }
          ]
        },
        {
          "type": "item",
          "name": "minecraft:arrow",
          "weight": 2,
          "functions": [
            {
              "function": "set_count",
              "count": 1
            }
          ]
        }
      ]
    },
    {
    "conditions": [
        {
          "condition": "killed_by_entity",
          "entity_type": "minecraft:player"
        }
      ],
      "rolls": {
        "min": 1,
        "max": 2
      },
      "entries": [
        {
          "type": "item",
          "name": "minecraft:rotten_flesh",
          "weight": 10,
          "functions": [
            {
              "function": "set_count",
              "count": {
                "min": 1,
                "max": 2
              }
            }
          ]
        },
        {
          "type": "item",
          "name": "minecraft:apple",
          "weight": 7
        },
        {
          "type": "item",
          "name": "minecraft:poisonous_potato",
          "weight": 5
        },
        {
          "type": "item",
          "name": "minecraft:wheat_seeds",
          "weight": 8,
          "functions": [
            {
              "function": "set_count",
              "count": {
                "min": 1,
                "max": 4
              }
            }
          ]
        },
        {
          "type": "item",
          "name": "minecraft:oak_sapling",
          "weight": 6
        },
        {
          "type": "item",
          "name": "minecraft:dandelion",
          "weight": 7
        },
        {
          "type": "item",
          "name": "minecraft:poppy",
          "weight": 7
        },
        {
          "type": "item",
          "name": "minecraft:sweet_berries",
          "weight": 5,
          "functions": [
            {
              "function": "set_count",
              "count": {
                "min": 1,
                "max": 3
              }
            }
          ]
        },
        {
          "type": "item",
          "name": "minecraft:egg",
          "weight": 6
        }
      ]
    },
    {
    "conditions": [
        {
          "condition": "killed_by_entity",
          "entity_type": "minecraft:player"
        }
      ],
      "rolls": {
        "min": 0,
        "max": 2
      },
      "entries": [
        {
          "type": "item",
          "name": "minecraft:feather",
          "weight": 10,
          "functions": [
            {
              "function": "set_count",
              "count": {
                "min": 1,
                "max": 2
              }
            }
          ]
        },
        {
          "type": "item",
          "name": "minecraft:bone",
          "weight": 7
        },
        {
          "type": "item",
          "name": "minecraft:string",
          "weight": 6,
          "functions": [
            {
              "function": "set_count",
              "count": {
                "min": 1,
                "max": 2
              }
            }
          ]
        },
        {
          "type": "item",
          "name": "minecraft:flint",
          "weight": 5
        },
        {
          "type": "item",
          "name": "minecraft:bowl",
          "weight": 3
        },
        {
          "type": "item",
          "name": "minecraft:leather",
          "weight": 2
        },
        {
          "type": "item",
          "name": "minecraft:coal",
          "weight": 4,
          "functions": [
            {
              "function": "set_count",
              "count": 1
            }
          ]
        },
        {
          "type": "item",
          "name": "minecraft:charcoal",
          "weight": 2,
          "functions": [
            {
              "function": "set_count",
              "count": 1
            }
          ]
        },
        {
          "type": "item",
          "name": "minecraft:white_wool",
          "weight": 3
        },
        {
          "type": "item",
          "name": "minecraft:sugar_cane",
          "weight": 4
        },
        {
          "type": "item",
          "name": "minecraft:kelp",
          "weight": 3
        }
      ]
    },
    {
    "conditions": [
        {
          "condition": "killed_by_entity",
          "entity_type": "minecraft:player"
        }
      ],
      "rolls": {
        "min": 0,
        "max": 1
      },
      "entries": [
        {
          "type": "item",
          "name": "minecraft:paper",
          "weight": 4,
          "functions": [
            {
              "function": "set_count",
              "count": {
                "min": 1,
                "max": 2
              }
            }
          ]
        },
        {
          "type": "item",
          "name": "minecraft:glass",
          "weight": 2
        },
        {
          "type": "item",
          "name": "minecraft:iron_nugget",
          "weight": 3,
          "functions": [
            {
              "function": "set_count",
              "count": {
                "min": 1,
                "max": 3
              }
            }
          ]
        },
        {
          "type": "item",
          "name": "minecraft:gold_nugget",
          "weight": 1,
          "functions": [
            {
              "function": "set_count",
              "count": {
                "min": 1,
                "max": 2
              }
            }
          ]
        },
        {
          "type": "item",
          "name": "minecraft:compass",
          "weight": 1
        },
        {
          "type": "item",
          "name": "minecraft:clock",
          "weight": 1
        },
        {
          "type": "item",
          "name": "minecraft:brick",
          "weight": 2
        },
        {
          "type": "item",
          "name": "minecraft:flower_pot",
          "weight": 3
        }
      ]
    }
  ]
}