{
	"pools": [
		{
		"conditions": [
        {
          "condition": "killed_by_entity",
          "entity_type": "minecraft:player"
        }
      ],
			"rolls": {
				"min": 2,
				"max": 3
			},
			"entries": [
				{
					"type": "item",
					"name": "minecraft:cobblestone",
					"weight": 1,
					"functions": [
						{
							"function": "set_count",
							"count": {
								"min": 8,
								"max": 16
							}
						}
					]
				},
				{
					"type": "item",
					"name": "minecraft:oak_log",
					"weight": 1,
					"functions": [
						{
							"function": "set_count",
							"count": {
								"min": 4,
								"max": 8
							}
						}
					]
				},
				{
					"type": "item",
					"name": "minecraft:coal",
					"weight": 1,
					"functions": [
						{
							"function": "set_count",
							"count": {
								"min": 4,
								"max": 10
							}
						}
					]
				},
				{
					"type": "item",
					"name": "minecraft:torch",
					"weight": 1,
					"functions": [
						{
							"function": "set_count",
							"count": {
								"min": 6,
								"max": 12
							}
						}
					]
				}
			]
		},
		{
			"rolls": 1,
			"conditions": [
				{
					"condition": "random_chance",
					"chance": 0.5
				},
				{
          "condition": "killed_by_entity",
          "entity_type": "minecraft:player"
        }
			],
			"entries": [
				{
					"type": "item",
					"name": "minecraft:crafting_table",
					"weight": 1
				},
				{
					"type": "item",
					"name": "minecraft:furnace",
					"weight": 1
				},
				{
					"type": "item",
					"name": "minecraft:chest",
					"weight": 1
				}
			]
		},
		{
		"conditions": [
        {
          "condition": "killed_by_entity",
          "entity_type": "minecraft:player"
        }
      ],
			"rolls": {
				"min": 1,
				"max": 2
			},
			"entries": [
				{
					"type": "item",
					"name": "minecraft:stone_pickaxe",
					"weight": 3,
					"functions": [
						{
							"function": "set_damage",
							"damage": {
								"min": 0.2,
								"max": 0.7
							}
						}
					]
				},
				{
					"type": "item",
					"name": "minecraft:stone_sword",
					"weight": 2,
					"functions": [
						{
							"function": "set_damage",
							"damage": {
								"min": 0.1,
								"max": 0.6
							}
						}
					]
				},
				{
					"type": "item",
					"name": "minecraft:stone_axe",
					"weight": 1,
					"functions": [
						{
							"function": "set_damage",
							"damage": {
								"min": 0.3,
								"max": 0.8
							}
						}
					]
				},
				{
					"type": "item",
					"name": "minecraft:stone_shovel",
					"weight": 1,
					"functions": [
						{
							"function": "set_damage",
							"damage": {
								"min": 0.15,
								"max": 0.5
							}
						}
					]
				}
			]
		},
		{
			"rolls": 1,
			"conditions": [
				{
					"condition": "random_chance",
					"chance": 0.3
				},
				{
          "condition": "killed_by_entity",
          "entity_type": "minecraft:player"
        }
			],
			"entries": [
				{
					"type": "item",
					"name": "minecraft:raw_iron",
					"weight": 2,
					"functions": [
						{
							"function": "set_count",
							"count": {
								"min": 1,
								"max": 4
							}
						}
					]
				},
				{
					"type": "item",
					"name": "minecraft:raw_copper",
					"weight": 3,
					"functions": [
						{
							"function": "set_count",
							"count": {
								"min": 1,
								"max": 6
							}
						}
					]
				},
				{
					"type": "item",
					"name": "minecraft:flint",
					"weight": 2,
					"functions": [
						{
							"function": "set_count",
							"count": {
								"min": 1,
								"max": 3
							}
						}
					]
				}
			]
		},
		{
		"conditions": [
        {
          "condition": "killed_by_entity",
          "entity_type": "minecraft:player"
        }
      ],
			"rolls": {
				"min": 3,
				"max": 5
			},
			"entries": [
				{"type": "item","name": "minecraft:rotten_flesh","weight": 5},
				{"type": "item","name": "minecraft:spider_eye","weight": 2},
				{"type": "item","name": "minecraft:bone","weight": 4},
				{"type": "item","name": "minecraft:gunpowder","weight": 2},
				{"type": "item","name": "minecraft:string","weight": 3},
				{"type": "item","name": "minecraft:feather","weight": 4},
				{"type": "item","name": "minecraft:leather","weight": 2},
				{"type": "item","name": "minecraft:wheat_seeds","weight": 6},
				{"type": "item","name": "minecraft:poppy","weight": 3},
				{"type": "item","name": "minecraft:dandelion","weight": 3},
				{"type": "item","name": "minecraft:oak_sapling","weight": 4},
				{"type": "item","name": "minecraft:dirt","weight": 8,"functions": [{"function": "set_count","count": {"min": 2,"max": 10}}]},
				{"type": "item","name": "minecraft:sand","weight": 5,"functions": [{"function": "set_count","count": {"min": 2,"max": 8}}]},
				{"type": "item","name": "minecraft:andesite","weight": 6,"functions": [{"function": "set_count","count": {"min": 3,"max": 12}}]},
				{"type": "item","name": "minecraft:diorite","weight": 6,"functions": [{"function": "set_count","count": {"min": 3,"max": 12}}]},
				{"type": "item","name": "minecraft:granite","weight": 6,"functions": [{"function": "set_count","count": {"min": 3,"max": 12}}]}
			]
		}
	]
}
