{
    "format_version": "1.19.50",
    "pools": [
        {
            "rolls": 1,
            "entries": [
                {"type": "item","name": "minecraft:golden_helmet","weight": 10,"functions": [{"function": "enchant_randomly"}]},
                {"type": "item","name": "minecraft:copper_helmet","weight": 15},
                {"type": "item","name": "minecraft:leather_helmet","weight": 45},
                {"type": "empty","weight": 30}
            ]
        },
        {
            "rolls": 1,
            "entries": [
                {"type": "item","name": "minecraft:golden_chestplate","weight": 10,"functions": [{"function": "enchant_randomly"}]},
                {"type": "item","name": "minecraft:copper_chestplate","weight": 10},
                {"type": "item","name": "minecraft:leather_chestplate","weight": 45},
                {"type": "empty","weight": 35}
            ]
        },
        {
            "rolls": 1,
            "entries": [
                {"type": "item","name": "minecraft:golden_leggings","weight": 10,"functions": [{"function": "enchant_randomly"}]},
                {"type": "item","name": "minecraft:copper_leggings","weight": 20},
                {"type": "item","name": "minecraft:leather_leggings","weight": 40},
                {"type": "empty","weight": 30}
            ]
        },
        {
            "rolls": 1,
            "entries": [
                {"type": "item","name": "minecraft:golden_boots","weight": 10,"functions": [{"function": "enchant_randomly"}]},
                {"type": "item","name": "minecraft:copper_boots","weight": 20},
                {"type": "item","name": "minecraft:leather_boots","weight": 40},
                {"type": "empty","weight": 30}
            ]
        },
        {
            "rolls": 1,
            "entries": [
                { "type": "item", "name": "minecraft:wooden_sword", "weight": 4, "functions": [{"function": "set_damage", "damage": {"min": 0.5,"max": 0.95}}]},
                { "type": "item", "name": "minecraft:wooden_axe", "weight": 4, "functions": [{"function": "set_damage", "damage": {"min": 0.5,"max": 0.95}}]},
                { "type": "item", "name": "minecraft:wooden_pickaxe", "weight": 4, "functions": [{"function": "set_damage", "damage": {"min": 0.5,"max": 0.95}}]},
                { "type": "item", "name": "minecraft:wooden_shovel", "weight": 4, "functions": [{"function": "set_damage", "damage": {"min": 0.5,"max": 0.95}}]},
                { "type": "item", "name": "minecraft:wooden_hoe", "weight": 4, "functions": [{"function": "set_damage", "damage": {"min": 0.5,"max": 0.95}}]},
                { "type": "item", "name": "minecraft:stone_sword", "weight": 10, "functions": [{"function": "set_damage", "damage": {"min": 0.25,"max": 0.8}}]},
                { "type": "item", "name": "minecraft:stone_axe", "weight": 10, "functions": [{"function": "set_damage", "damage": {"min": 0.25,"max": 0.8}}]},
                { "type": "item", "name": "minecraft:stone_pickaxe", "weight": 10, "functions": [{"function": "set_damage", "damage": {"min": 0.25,"max": 0.8}}]},
                { "type": "item", "name": "minecraft:stone_shovel", "weight": 10, "functions": [{"function": "set_damage", "damage": {"min": 0.25,"max": 0.8}}]},
                { "type": "item", "name": "minecraft:stone_hoe", "weight": 10, "functions": [{"function": "set_damage", "damage": {"min": 0.25,"max": 0.8}}]},
                { "type": "item", "name": "minecraft:copper_sword", "weight": 4, "functions": [{"function": "set_damage", "damage": {"min": 0.25,"max": 0.75}}]},
                { "type": "item", "name": "minecraft:copper_axe", "weight": 4, "functions": [{"function": "set_damage", "damage": {"min": 0.25,"max": 0.75}}]},
                { "type": "item", "name": "minecraft:copper_pickaxe", "weight": 4, "functions": [{"function": "set_damage", "damage": {"min": 0.25,"max": 0.75}}]},
                { "type": "item", "name": "minecraft:copper_shovel", "weight": 4, "functions": [{"function": "set_damage", "damage": {"min": 0.25,"max": 0.75}}]},
                { "type": "item", "name": "minecraft:copper_hoe", "weight": 4, "functions": [{"function": "set_damage", "damage": {"min": 0.25,"max": 0.75}}]},
                { "type": "item", "name": "minecraft:golden_sword", "weight": 2, "functions": [{"function": "enchant_randomly"},{"function": "set_damage", "damage": {"min": 0.4,"max": 0.9}}]},
                { "type": "item", "name": "minecraft:golden_axe", "weight": 2, "functions": [{"function": "enchant_randomly"},{"function": "set_damage", "damage": {"min": 0.4,"max": 0.9}}]},
                { "type": "item", "name": "minecraft:golden_pickaxe", "weight": 2, "functions": [{"function": "enchant_randomly"},{"function": "set_damage", "damage": {"min": 0.4,"max": 0.9}}]},
                { "type": "item", "name": "minecraft:golden_shovel", "weight": 2, "functions": [{"function": "enchant_randomly"},{"function": "set_damage", "damage": {"min": 0.4,"max": 0.9}}]},
                { "type": "item", "name": "minecraft:golden_hoe", "weight": 2, "functions": [{"function": "enchant_randomly"},{"function": "set_damage", "damage": {"min": 0.4,"max": 0.9}}]}
            ]
        }
    ]
}
