{
	"format_version" : "1.8.0",
	"animations" : {
	"animation.player.shield_block_off_hand": {
  "loop": true,
  "bones": {
    "leftarm": {
      "rotation": [ -20.0, 30.0, 25.0 ]
    },
    "leftitem": {
      "position": [ 1.0, -3.0, 0.0 ],
      "rotation": [ 0.0, 60.0, 45.0 ]
    }
  }
},

  "animation.humanoid.set_block": {
    "loop": false,
    "bones": {
      "body": {},
      "rightarm": {
        "rotation": {
          "0.0": [0, 0, 0],                       // 初始状态：右臂保持不动
          "0.1": [-30, -15, 10],                   // 0.2秒时，右臂开始摆动
          "0.2": [-60, -30, -20],                  // 0.5秒时，右臂摆动幅度加大
          "0.3": [-75, -35, -25],                  // 0.7秒时，右臂达到最大摆动角度
          "0.4": [-80, -40, -30],                  // 稍微加大一点摆动
          "0.5": [0, 0, 0]                         // 动作结束时，恢复到原位置
        },
        "position": {
          "0.0": [0, 0, 0],                        // 右臂初始位置
          "0.2": [0, 1, 0],                        // 0.5秒时，右臂上升，模拟挥拳动作
          "0.5": [0, 0, 0]                         // 动作结束时，恢复到原位置
        }
      }
    }
  },
		"animation.zps_newb.eat_item_custom": {
    "animation_length": 2.5,
    "loop": false,
    "bones": {
        "rightarm": {
            "rotation": {
                "0.0": [0, 0, 0],
                "0.2": [-20, -10, 5],
                "0.8": [-80, -35, -15],
                "0.9": [-85, -38, -20],
                "1.9": [-85, -38, -20],
                "2.2": [-20, -10, 5],
                "2.5": [0, 0, 0]
            },
            "position": {
                "0.0": [0, 0, 0],
                "0.8": [0, 1, 1],
                "0.9": [0, 1.5, 1.5],
                "1.9": [0, 1.5, 1.5],
                "2.2": [0, 1, 1],
                "2.5": [0, 0, 0]
            }
        },
        "head": {
            "rotation": {
                "0.0": [0, 0, 0],
                "0.5": [-10, 0, 0],
                "0.9": [-15, 0, 0],
                "1.1": [-12, "math.sin(query.anim_time * 230.4 * 2) * 2.0", 0],
                "1.3": [-15, "math.sin(query.anim_time * 230.4 * 2) * -2.0", 0],
                "1.5": [-12, "math.sin(query.anim_time * 230.4 * 2) * 2.0", 0],
                "1.7": [-15, "math.sin(query.anim_time * 230.4 * 2) * -2.0", 0],
                "2.1": [-5, 0, 0],
                "2.5": [0, 0, 0]
            }
        }
    }
},
        "animation.humanoid.attack.rotations" : {
			"loop" : true,
			"bones" : {
				"body" : {
				},
				"leftarm" : {
					"rotation" : [ "-(math.sin((1 - math.pow((1 - variable.attack_time), 4)) * 180) * 1.2 + math.sin(variable.attack_time * 180)) * 10.0", 0.0, 0.0 ]
				},
				"rightarm" : {
					"rotation" : [ "-(math.sin((1 - math.pow((1 - variable.attack_time), 4)) * 180) * 1.2 + math.sin(variable.attack_time * 180)) * 30.0", "-(math.sin((1 - math.pow((1 - variable.attack_time), 4)) * 180) ? (-90.0 * math.sin((1 - math.pow((1 - variable.attack_time), 4)) * 180)) + 30.0 : 0.0)", 0.0 ]
				}
			}
		},
		"animation.humanoid.base_pose" : {
			"loop" : true,
			"bones" : {
				"waist" : {
					"rotation" : [ 0.0, 0.0, 0.0 ]
				}
			}
		},
		"animation.humanoid.big_head" : {
			"loop" : true,
			"bones" : {
				"head" : {
					"scale" : 1.4
				}
			}
		},
		"animation.humanoid.bob" : {
			"loop" : true,
			"bones" : {
				"leftarm" : {
					"rotation" : [ 0.0, 0.0, "((math.cos(query.life_time * 103.2) * 2.865) + 2.865) *-1.0" ]
				},
				"rightarm" : {
					"rotation" : [ 0.0, 0.0, "(math.cos(query.life_time * 103.2) * 2.865) + 2.865" ]
				}
			}
		},
		"animation.humanoid.bow_and_arrow" : {
			"loop" : true,
			"bones" : {
				"leftarm" : {
					"rotation" : [ "query.target_x_rotation - 90.0 - math.sin(query.life_time * 76.8) * 2.865 - this", "query.target_y_rotation + 28.65", "-(math.cos(query.life_time * 103.2) * 2.865) - 2.865" ]
				},
				"rightarm" : {
					"rotation" : [ "query.target_x_rotation - 90.0 + math.sin(query.life_time * 76.8) * 2.865 - this", "query.target_y_rotation - 5.73", "(math.cos(query.life_time * 103.2) * 2.865) + 2.865" ]
				}
			}
		},
		"animation.humanoid.brandish_spear" : {
			"loop" : true,
			"bones" : {
				"rightarm" : {
					"rotation": [ "this * -0.5 - 143.5 - 22.5 * variable.charge_amount", "-this", "-((math.cos(query.life_time * 103.2) * 2.865) + 2.865)" ]
				}
			}
		},
		"animation.humanoid.holding_spyglass" : {
			"loop" : true,
			"bones" : {
				"rightarm" : {
					"rotation" : [ "math.clamp(query.target_x_rotation - 105 - (variable.is_sneaking ? 15 : 0), -170, 180)", "math.clamp(query.target_y_rotation - 15, -60, 90)", 5.0 ]
				}
			}
		},
		"animation.humanoid.celebrating" : {
			"loop" : true,
			"bones" : {
				"leftarm" : {
					"rotation" : [ "(math.cos(query.life_time * 800.0) * 2.865)", 180.0, -135.0 ]
				},
				"rightarm" : {
					"rotation" : [ "(math.cos(query.life_time * 800.0) * 2.865)", 180.0, 153.0 ]
				}
			}
		},
		"animation.humanoid.charging" : {
			"loop" : true,
			"bones" : {
				"rightarm" : {
					"rotation" : [ "22.5 * variable.charge_amount - this", "-this", 0.0 ]
				}
			}
		},
		"animation.humanoid.damage_nearby_mobs" : {
			"loop" : true,
			"bones" : {
				"leftarm" : {
					"rotation" : [ "-45.0-this", "-this", "-this" ]
				},
				"leftleg" : {
					"rotation" : [ "45.0-this", "-this", "-this" ]
				},
				"rightarm" : {
					"rotation" : [ "45.0-this", "-this", "-this" ]
				},
				"rightleg" : {
					"rotation" : [ "-45.0-this", "-this", "-this" ]
				}
			}
		},
		"animation.humanoid.holding" : {
			"loop" : true,
			"bones" : {
				"leftarm" : {
					"rotation" : [ "variable.is_holding_left ? (-this * 0.5 - 18.0) : 0.0", 0.0, 0.0 ]
				},
				"rightarm" : {
					"rotation" : [ "variable.is_holding_right ? (-this * 0.5 - 18.0) : 0.0", 0.0, 0.0 ]
				}
			}
		},
		"animation.humanoid.look_at_target.default" : {
			"loop" : true,
			"bones" : {
				"head" : {
					"relative_to" : {
						"rotation" : "entity"
					},
					"rotation" : [ "query.target_x_rotation", "query.target_y_rotation", 0.0 ]
				}
			}
		},
		"animation.humanoid.look_at_target.gliding" : {
			"loop" : true,
			"bones" : {
				"head" : {
					"rotation" : [ -45.0, "query.target_y_rotation", 0.0 ]
				}
			}
		},
		"animation.humanoid.move" : {
			"loop" : true,
			"bones" : {
				"leftarm" : {
					"rotation" : [ "variable.tcos0", 0.0, 0.0 ]
				},
				"leftleg" : {
					"rotation" : [ "variable.tcos0 * -1.4", 0.0, 0.0 ]
				},
				"rightarm" : {
					"rotation" : [ "-variable.tcos0", 0.0, 0.0 ]
				},
				"rightleg" : {
					"rotation" : [ "variable.tcos0 * 1.4", 0.0, 0.0 ]
				}
			}
		},
		"animation.humanoid.riding.arms" : {
			"loop" : true,
			"bones" : {
				"leftarm" : {
					"rotation" : [ -36.0, 0.0, 0.0 ],
					"position" : [ 0.0, -5.0, 0.0 ]
				},
				"rightarm" : {
					"rotation" : [ -36.0, 0.0, 0.0 ],
					"position" : [ 0.0, -5.0, 0.0 ]
				}
			}
		},
		"animation.humanoid.riding.legs" : {
			"loop" : true,
			"override_previous_animation" : true,
			"bones" : {
				"leftleg" : {
					"rotation" : [ -72.0, -18.0, 0.0 ],
					"position" : [ 0.0, -5.0, 0.0 ]
				},
				"rightleg" : {
					"rotation" : [ -72.0, 18.0, 0.0 ],
					"position" : [ 0.0, -5.0, 0.0 ]
				},
				"body" : {
					"position" : [ 0.0, -5.0, 0.0 ]
				},
				"head" : {
					"position" : [ 0.0, -5.0, 0.0 ]
				}
			}
		},
 "animation.humanoid.sneakinga": {
      "loop": true,
      "bones": {
        "body": {
          "rotation": [ 20.0, -3.0, 0.0 ],
          "position": [ 0.0, -1.2, -3.8 ]
        },
        "head": {
          "position": [ 0.0, -1.0, 0.0 ],
          "rotation": [ 0.0, 0.0, 0.0 ]
        },
        "leftarm": {
          "rotation": [ 10.0, 0.0, 0.0 ]
        },
        "rightarm": {
          "rotation": [ 10.0, 0.0, 0.0 ]
        }
      }
    },
     "animation.humanoid.sneakingb": {
      "loop": false,
      "animation_length" : 0.3,
      "bones": {
        "body": {
          "rotation": [ 20.0, -3.0, 0.0 ],
          "position": [ 0.0, -1.2, -3.8 ]
        },
        "head": {
          "position": [ 0.0, -1.0, 0.0 ],
          "rotation": [ 0.0, 0.0, 0.0 ]
        },
        "leftarm": {
          "rotation": [ 10.0, 0.0, 0.0 ]
        },
        "rightarm": {
          "rotation": [ 10.0, 0.0, 0.0 ]
        }
      }
    },
		"animation.humanoid.swimming" : {
			"loop" : true,
			"animation_length" : 1.3,
			"override_previous_animation" : true,
			"bones" : {
				"leftleg" : {
					"rotation" : [ "math.lerp(0.0, math.cos(query.life_time * 390.0 + 180.0) * 17.2, variable.swim_amount)", 0.0, 0.0 ]
				},
				"rightarm": {
					"rotation": ["-180 -((math.cos(query.life_time * 100) * 4) * 4)", 0, "((math.cos(query.life_time * 110) * 40) - 45)"]
				},
				"rightleg" : {
					"rotation" : [ "math.lerp(0.0, math.cos(query.life_time * 390.0) * 17.2, variable.swim_amount)", 0.0, 0.0 ]
				},
				"leftarm": {
					"rotation": ["-180 + -((math.cos(query.life_time * 100) * 4) * 4)", 0, "-((math.cos(query.life_time * 110) * 40) - 45)"]
				},
				"root" : {
					"position" : [ 0.0, "(math.sin(query.target_x_rotation) * 24.0 + 3.0) * variable.swim_amount", "(math.cos(query.target_x_rotation) * 24.0 + 9.0) * variable.swim_amount" ],
					"rotation" : [ "variable.swim_amount * (90 + query.target_x_rotation)", 0.0, 0.0 ]
				}
			}
		},
		"animation.humanoid.use_item_progress" : {
			"loop" : true,
			"bones" : {
				"rightarm" : {
					"rotation" : [ "variable.use_item_startup_progress * -60.0 + variable.use_item_interval_progress * 11.25", "variable.use_item_startup_progress * -22.5 + variable.use_item_interval_progress * 11.25", "variable.use_item_startup_progress * -5.625 + variable.use_item_interval_progress * 11.25" ]
				}
			}
		}
	}
}
